CollisionOccurred,MinDistance_m,MinTTC_s,FinalXPos_m,FinalYPos_m,FinalSpeed_mps,StepsSimulated
0,2.86931073031101,1.80261669024045,2.90053768136388,814.03609934133,15.0416666666667,600
